id,symbol,name,image,current_price,market_cap,market_cap_rank,fully_diluted_valuation,total_volume,high_24h,low_24h,price_change_24h,price_change_percentage_24h,market_cap_change_24h,market_cap_change_percentage_24h,circulating_supply,total_supply,max_supply,ath,ath_change_percentage,ath_date,atl,atl_change_percentage,atl_date,roi,last_updated
bitcoin,btc,Bitcoin,https://coin-images.coingecko.com/coins/images/1/large/bitcoin.png?1696501400,79676.0,1599837999108,1,1599839513185,36883813739.0,81282.0,79031.0,-238.8269483091135,1.03895,-4513995935.563477,-0.28136,20076196.0,20076225.0,21000000.0,126080.0,-36.80525,2025-10-06T10:57:42.000Z,67.81,117400.43817,2013-07-05T16:00:00.000Z,,2026-08-28T07:41:20.000Z
ethereum,eth,Ethereum,https://coin-images.coingecko.com/coins/images/279/large/ethereum.png?1696501628,2496.54,301300664204,2,301300664204,15927933394.0,2558.47,2481.49,-38.9529432037657,0.19172,-4686098406.932312,-1.53147,120681205.94596182,120681205.9459618,,4946.05,-49.52447,2025-08-24T11:21:03.000Z,0.432979,576497.22443,2015-10-19T16:00:00.000Z,"{'times': 40.89586173336235, 'currency': 'btc', 'percentage': 4089.5861733362353}",2026-08-28T07:41:20.000Z
tether,usdt,Tether,https://coin-images.coingecko.com/coins/images/325/large/Tether.png?1696501661,1.0,183378335612,3,188845737955,68768245830.0,1.0,0.999811,0.00025273,0.02189,44979278.0,0.02453,183363017256.59857,188829962885.4262,,1.32,-24.41278,2018-07-23T16:00:00.000Z,0.572521,74.68197,2015-03-01T16:00:00.000Z,,2026-08-28T07:41:20.000Z
binancecoin,bnb,BNB,https://coin-images.coingecko.com/coins/images/825/large/bnb-icon2_2x.png?1696501970,708.42,94353928739,4,94353929468,894930716.0,718.37,705.21,-3.035765252438864,0.36167,-385765106.1221161,-0.40718,133162629.25,133162629.25,200000000.0,1369.99,-48.29002,2025-10-13T00:41:24.000Z,0.0398177,1779064.60555,2017-10-18T16:00:00.000Z,,2026-08-28T07:41:20.000Z
ripple,xrp,XRP,https://coin-images.coingecko.com/coins/images/44/large/xrp-symbol-white-128.png?1696501442,1.42,89095143389,5,141976318993,3288860547.0,1.47,1.41,-0.019416404556443112,0.81826,-1235119515.400528,-1.36734,62744504852.0,99985627691.0,100000000000.0,3.65,-61.05078,2025-07-17T19:40:53.000Z,0.00268621,52771.42612,2014-05-21T16:00:00.000Z,,2026-08-28T07:41:20.000Z
usd-coin,usdc,USDC,https://coin-images.coingecko.com/coins/images/6319/large/USDC.png?1769615602,1.0,73752007738,6,73795011338,20524626981.0,1.0,0.999664,0.00013833,0.01024,-28407710.749313354,-0.0385,73750828757.28023,73739937760.6964,,1.043,-4.16256,2018-11-14T16:00:00.000Z,0.877647,13.94447,2023-03-11T00:02:13.000Z,,2026-08-28T07:41:20.000Z
solana,sol,Solana,https://coin-images.coingecko.com/coins/images/4128/large/solana.png?1718769756,106.79,62363694994,7,67585762409,6840449622.0,110.17,101.73,2.66,5.27353,1543804886.0,2.53832,584062006.8667564,632968833.4333599,,293.31,-63.59086,2025-01-19T03:15:27.000Z,0.500801,21224.30516,2020-05-11T11:35:23.000Z,,2026-08-28T07:41:20.000Z
tron,trx,TRON,https://coin-images.coingecko.com/coins/images/1094/large/photo_2026-04-13_09-59-16.png?1776048311,0.339575,32236240655,8,32236356819,460365342.0,0.34031,0.334982,0.0031056,1.4002,298266750.0,0.93389,94923231327.82979,94923592067.17128,,0.431288,-21.26498,2024-12-03T16:10:40.000Z,0.00180434,18719.88281,2017-11-11T16:00:00.000Z,"{'times': 177.73147913584637, 'currency': 'usd', 'percentage': 17773.14791358464}",2026-08-28T07:41:20.000Z
figure-heloc,figr_heloc,Figure Heloc,https://coin-images.coingecko.com/coins/images/68480/large/figure.png?1755863954,1.036,22523843535,9,22523843535,351618917.0,1.037,1.0,0.03362845,3.35542,770189425.0,3.54051,21730664336.518,21730664336.518,,1.061,-2.26746,2026-08-03T14:19:20.000Z,0.155357,567.16805,2025-10-31T06:27:24.000Z,,2026-08-28T07:41:20.000Z
hyperliquid,hype,Hyperliquid,https://coin-images.coingecko.com/coins/images/50882/large/hyperliquid.jpg?1729431300,83.68,18610713387,10,79924876621,1605627244.0,86.71,81.59,1.36,2.66993,298835331.0,1.63192,222445714.07414138,955307079.4341414,1000000000.0,86.71,-3.49509,2026-08-27T19:18:00.000Z,3.81,2097.15326,2024-11-29T01:30:30.000Z,,2026-08-28T07:41:20.000Z
dogecoin,doge,Dogecoin,https://coin-images.coingecko.com/coins/images/5/large/dogecoin.png?1696501409,0.087597,13635747136,11,15011937271,752538012.0,0.0902,0.08711,-0.001263273463991146,0.73027,-196450897.01155663,-1.42024,155676986383.70523,171389393126.579,,0.731578,-88.02624,2021-05-07T21:08:23.000Z,8.69e-05,100698.19458,2015-05-05T16:00:00.000Z,,2026-08-28T07:41:20.000Z
zcash,zec,Zcash,https://coin-images.coingecko.com/coins/images/486/large/Brandmark-Yellow_%281%29.png?1785810558,790.71,13350004137,12,13350130028,1156630868.0,833.44,777.61,-6.306432990002122,0.8498,-117316359.34278297,-0.87112,16900915.7905448,16901150.1655448,21000000.0,3191.93,-75.22796,2016-10-28T16:00:00.000Z,16.08,4817.28634,2024-07-04T20:22:29.000Z,,2026-08-28T07:41:20.000Z
rain,rain,Rain,https://coin-images.coingecko.com/coins/images/69134/large/Rain_logo_1_.png?1762952191,0.01736741,12318589716,13,19843854469,38795014.0,0.01768193,0.01719117,-0.00024040672979405,-0.60166,-168511542.75927162,-1.34948,709179885304.4917,1142408567904.607,1150000000000.0,0.01946402,-10.77176,2026-08-25T19:53:00.000Z,0.00222126,681.87221,2025-09-14T00:56:57.000Z,,2026-08-28T07:41:20.000Z
usds,usds,USDS,https://coin-images.coingecko.com/coins/images/39926/large/usds.webp?1726666683,0.999656,9819275131,14,9820765022,501441320.0,1.0,0.999459,-7.5708658220819e-05,-0.0097,17905296.0,0.18268,9821783193.828514,9823705707.282837,,1.057,-5.45406,2024-10-28T21:40:51.000Z,0.948265,5.41938,2024-10-03T05:19:28.000Z,,2026-08-28T07:41:20.000Z
chainlink,link,Chainlink,https://coin-images.coingecko.com/coins/images/877/large/Chainlink_Logo_500.png?1760023405,11.71,8760574240,15,11710432544,467923010.0,12.05,11.67,-0.1426655567008588,0.44564,-109202009.66348267,-1.23117,748099970.424884,1000000000.0,1000000000.0,52.7,-77.77127,2021-05-09T16:13:57.000Z,0.148183,7804.9356,2017-11-28T16:00:00.000Z,,2026-08-28T07:41:20.000Z
monero,xmr,Monero,https://coin-images.coingecko.com/coins/images/69/large/monero_logo.png?1696501460,463.68,8717750078,16,8717758426,136332884.0,472.71,444.79,16.84,3.79882,318507452.0,3.7921,18797087.45787064,18797106.65787064,,797.73,-41.87494,2026-01-14T11:34:07.000Z,0.216177,214393.00905,2015-01-13T16:00:00.000Z,,2026-08-28T07:41:20.000Z
leo-token,leo,LEO Token,https://coin-images.coingecko.com/coins/images/8418/large/leo-token.png?1696508607,9.47,8714527891,17,9333676494,213062.0,9.5,9.27,0.180213,1.96197,165704237.0,1.93833,919883728.9,985239504.0,,10.61,-10.73837,2026-05-04T09:35:00.000Z,0.799859,1084.39832,2019-12-24T07:14:35.000Z,,2026-08-28T07:41:20.000Z
whitebit,wbt,WhiteBIT Coin,https://coin-images.coingecko.com/coins/images/27045/large/wbt_token.png?1696526096,73.46,8664770539,18,21567604572,128230371.0,74.85,72.96,-0.5116393852125611,0.68144,-60330011.96849251,-0.69145,117956019.0,293606018.0,400000000.0,74.97,-2.01533,2026-08-25T02:42:30.000Z,3.06,2299.24134,2023-02-13T11:01:21.000Z,,2026-08-28T07:41:20.000Z
cardano,ada,Cardano,https://coin-images.coingecko.com/coins/images/975/large/cardano.png?1696502090,0.208897,7834974982,19,9402321730,404054198.0,0.217739,0.208774,-0.006452531325646688,-0.77773,-238971996.75429344,-2.95979,37498597081.30407,45000000000.0,45000000000.0,3.09,-93.23283,2021-09-01T22:00:10.000Z,0.01925275,985.02254,2020-03-12T18:22:55.000Z,,2026-08-28T07:41:20.000Z
stellar,xlm,Stellar,https://coin-images.coingecko.com/coins/images/100/large/fmpFRHHQ_400x400.jpg?1735231350,0.184503,6395971892,20,9220712085,154710115.0,0.189527,0.183189,-0.003239250572180663,0.87937,-101334629.31232738,-1.55964,34683874761.591934,50001786839.91247,,0.875563,-78.92746,2018-01-02T16:00:00.000Z,0.00047612,38651.17012,2015-03-04T16:00:00.000Z,,2026-08-28T07:41:20.000Z
bitcoin-cash,bch,Bitcoin Cash,https://coin-images.coingecko.com/coins/images/780/large/bitcoin-cash-circle.png?1696501932,263.33,5288780459,21,5288796919,152767988.0,273.84,263.68,-9.695623014106673,-1.89933,-193815811.18153095,-3.53511,20081221.77165078,20081603.02165078,21000000.0,3785.82,-93.0444,2017-12-19T16:00:00.000Z,76.93,242.27252,2018-12-15T16:00:00.000Z,,2026-08-28T07:41:20.000Z
dai,dai,Dai,https://coin-images.coingecko.com/coins/images/9956/large/Badge_Dai.png?1696509996,0.999949,4596479761,22,4600905371,396282784.0,1.0,0.99972,-7.0401025805467e-05,0.00061,18069016.0,0.39466,4597196573.06491,4594468911.121452,,1.22,-17.96503,2020-03-12T19:02:50.000Z,0.88196,13.37809,2023-03-10T23:50:50.000Z,,2026-08-28T07:41:20.000Z
canton-network,cc,Canton,https://coin-images.coingecko.com/coins/images/70468/large/Canton-Ticker_%281%29.png?1762826299,0.112905,4451926350,23,4451926350,16932042.0,0.118678,0.111094,-0.003942586819276006,-2.26139,-155110722.0438156,-3.36682,39434485410.14463,39434485410.14463,,0.194152,-41.84719,2026-02-03T00:02:08.000Z,0.059024,91.28581,2025-12-06T02:32:09.000Z,,2026-08-28T07:41:20.000Z
usd1-wlfi,usd1,USD1,https://coin-images.coingecko.com/coins/images/54977/large/USD1_1000x1000_transparent.png?1749297002,0.9998,4103621256,24,4103621256,1383316488.0,0.99998,0.99949,6.132e-05,0.02372,15193511.0,0.37162,4104493714.076363,4104493714.076363,,1.048,-4.59306,2026-07-09T10:14:50.000Z,0.988762,1.1163,2026-07-09T09:13:20.000Z,,2026-08-28T07:41:20.000Z
ethena-usde,usde,Ethena USDe,https://coin-images.coingecko.com/coins/images/33613/large/usde.png?1733810059,0.999945,4055556731,25,4057856600,54862208.0,1.0,0.999701,0.00013791,0.01714,14766721.0,0.36544,4055785812.96388,4058085811.92388,,1.034,-3.29575,2025-12-09T09:10:12.000Z,0.929486,7.58043,2024-10-03T23:57:15.000Z,,2026-08-28T07:41:20.000Z
the-open-network,gram,Gram (prev. Toncoin),https://coin-images.coingecko.com/coins/images/17980/large/Gram_Circular_Badge.png?1781524778,1.4,3883386986,26,7355116577,50917299.0,1.45,1.39,-0.02260061463137597,0.75387,-62886909.88534737,-1.59358,2766123284.276538,5239053389.671968,,8.25,-82.98532,2024-06-14T16:36:51.000Z,0.519364,170.3933,2021-09-20T16:33:11.000Z,,2026-08-28T07:41:20.000Z
litecoin,ltc,Litecoin,https://coin-images.coingecko.com/coins/images/2/large/litecoin.png?1696501400,49.21,3816254735,27,3816387614,288987388.0,50.5,49.02,-0.9256446230726993,-1.0208,-71611392.88205719,-1.84192,77543710.47986428,77546597.98716412,84000000.0,410.26,-88.00429,2021-05-09T19:13:07.000Z,1.15,4183.7547,2015-01-13T16:00:00.000Z,,2026-08-28T07:41:20.000Z
hedera-hashgraph,hbar,Hedera,https://coin-images.coingecko.com/coins/images/3688/large/hbar.png?1696504364,0.078147,3424102268,28,3905979434,53834574.0,0.079708,0.077258,-0.000482784959920463,0.7329,-22382612.673470497,-0.64943,43831545016.48483,50000000000.0,50000000000.0,0.569229,-86.27135,2021-09-15T02:40:28.000Z,0.00986111,692.48128,2020-01-02T09:30:24.000Z,,2026-08-28T07:41:20.000Z
global-dollar,usdg,Global Dollar,https://coin-images.coingecko.com/coins/images/51281/large/GDN_USDG_Token_200x200.png?1730484111,1.0,3333019570,29,3333019570,465702702.0,1.0,0.999849,8.86e-06,0.00073,-13073854.241114616,-0.39072,3332879400.103852,3332879400.103852,,1.65,-39.55629,2025-01-29T16:11:05.000Z,0.907561,10.191,2024-11-11T15:55:50.000Z,,2026-08-28T07:41:20.000Z
avalanche-2,avax,Avalanche,https://coin-images.coingecko.com/coins/images/12559/large/Avalanche_Circle_RedWhite_Trans.png?1696512369,7.42,3201676418,30,3436509200,244892934.0,7.59,7.37,-0.026633730302557446,0.73784,-13479093.173804283,-0.41924,431771961.1772119,463441061.1772119,720000000.0,144.96,-94.88161,2021-11-21T06:18:56.000Z,2.8,164.88776,2020-12-31T05:15:21.000Z,,2026-08-28T07:41:20.000Z
shiba-inu,shib,Shiba Inu,https://coin-images.coingecko.com/coins/images/11939/large/shiba.png?1696511800,5.31e-06,3128900663,31,3130264799,89804992.0,5.51e-06,5.29e-06,-1.09046646812e-07,0.07864,-64211966.9906044,-2.01095,589239334569628.2,589496238721205.9,,8.616e-05,-93.83697,2021-10-27T19:54:55.000Z,5.6366e-11,9420394.66677,2020-11-28T03:26:25.000Z,,2026-08-28T07:41:20.000Z
sui,sui,Sui,https://coin-images.coingecko.com/coins/images/26375/large/sui-ocean-square.png?1727791290,0.760344,3097584567,32,7602311564,615128249.0,0.798284,0.755931,-0.01171469122938873,0.56499,-48190334.98985338,-1.53191,4074529886.4415293,10000000000.0,10000000000.0,5.35,-85.77884,2025-01-04T14:56:18.000Z,0.364846,108.40109,2023-10-19T02:40:30.000Z,,2026-08-28T07:41:20.000Z
hashnote-usyc,usyc,Circle USYC,https://coin-images.coingecko.com/coins/images/51054/large/Hashnote_SDYC_200x200.png?1730370965,1.14,2884017928,33,2884017928,0.0,1.14,1.14,9.788e-05,0.00862,-7724395.685547829,-0.26712,2539991016.80594,2539991016.80594,,1.14,0.0,2026-08-27T12:55:20.000Z,1.026,10.65598,2024-12-05T14:31:20.000Z,,2026-08-28T07:41:20.000Z
uniswap,uni,Uniswap,https://coin-images.coingecko.com/coins/images/12504/large/uniswap-logo.png?1720676669,4.62,2878108945,34,4112309066,402000198.0,4.84,4.38,0.149702,5.43192,95024497.0,3.41436,623212423.7271129,890460420.0329479,1000000000.0,44.92,-89.72449,2021-05-02T21:25:04.000Z,1.03,348.03824,2020-09-16T17:20:38.000Z,,2026-08-28T07:41:20.000Z
crypto-com-chain,cro,Cronos,https://coin-images.coingecko.com/coins/images/7310/large/cro_token_logo.png?1696507599,0.058639,2844620845,35,5797610599,8447896.0,0.061942,0.057983,-0.002024196219274639,-1.22716,-98519847.85433722,-3.34744,48518244063.10624,98884871071.55571,100000000000.0,0.891544,-93.42278,2021-11-23T16:00:00.000Z,0.0121196,383.83468,2019-02-07T16:00:00.000Z,,2026-08-28T07:41:20.000Z
tether-gold,xaut,Tether Gold,https://coin-images.coingecko.com/coins/images/10481/large/logo.png?1774627372,4598.05,2817965405,36,3254454656,228110721.0,4605.07,4560.88,9.69,0.22921,6109622.0,0.21728,612823.6595320001,707747.089,,5504.62,-16.46926,2026-01-28T16:00:00.000Z,1447.84,217.57945,2020-03-19T05:45:41.000Z,,2026-08-28T07:41:20.000Z
blackrock-usd-institutional-digital-liquidity-fund,buidl,BlackRock USD Institutional Digital Liquidity Fund,https://coin-images.coingecko.com/coins/images/36291/large/blackrock.png?1711013223,1.0,2810381264,37,2810381264,0.0,1.0,1.0,-1.11e-16,0.0,-332670.41000175476,-0.01184,2810381263.710448,2810381263.710449,,1.0,0.0,2025-02-11T21:00:10.000Z,1.0,0.0,2026-07-23T07:25:00.000Z,,2026-08-28T07:41:20.000Z
paypal-usd,pyusd,PayPal USD,https://coin-images.coingecko.com/coins/images/31212/large/PYUSD_Token_Logo_2x.png?1765987788,0.999962,2771544894,38,2771694834,183368655.0,1.0,0.999655,0.00018381,0.01681,10476992.0,0.37945,2771505929.7812657,2771655569.557424,,1.021,-2.03531,2023-10-23T14:44:57.000Z,0.959426,4.22503,2024-12-05T14:31:13.000Z,,2026-08-28T07:41:20.000Z
memecore,m,MemeCore,https://coin-images.coingecko.com/coins/images/53247/large/square-bg-transparent.png?1752637478,1.11,2505756303,39,5979057701,1155054.0,1.14,1.098,-0.02373775909876996,-2.02806,-53869381.452190876,-2.10458,2266304160.76511,5407694007.272335,10000000000.0,5.64,-80.40437,2026-07-02T04:14:00.000Z,0.04746135,2230.01961,2025-07-03T19:56:17.000Z,,2026-08-28T07:41:20.000Z
near,near,NEAR Protocol,https://coin-images.coingecko.com/coins/images/10365/large/near.jpg?1696510367,1.87,2439084912,40,2439084944,215658791.0,1.97,1.87,-0.06559048286452551,-0.23578,-85087265.9418993,-3.3709,1304764111.0,1304764107.0,,20.44,-90.85478,2022-01-16T14:09:45.000Z,0.526762,254.83015,2020-11-04T08:09:15.000Z,,2026-08-28T07:41:20.000Z
okb,okb,OKB,https://coin-images.coingecko.com/coins/images/4463/large/WeChat_Image_20220118095654.png?1696505053,113.11,2375239769,41,2375239769,22384542.0,115.02,112.12,-0.2841230131489141,0.77729,-6132925.8948049545,-0.25754,21000000.0,21000000.0,21000000.0,228.74,-50.54872,2025-10-04T16:00:00.000Z,0.580608,19382.09074,2019-01-13T16:00:00.000Z,,2026-08-28T07:41:20.000Z
bittensor,tao,Bittensor,https://coin-images.coingecko.com/coins/images/28452/large/ARUsPeNQ_400x400.jpeg?1696527447,245.21,2353826567,42,5150341679,278440081.0,259.89,242.83,-14.232919365556143,-0.96514,-136134190.9316678,-5.46732,9597491.0,21000000.0,21000000.0,757.6,-67.63408,2024-03-07T10:45:36.000Z,30.83,695.34882,2023-05-14T00:57:53.000Z,,2026-08-28T07:41:20.000Z
ripple-usd,rlusd,Ripple USD,https://coin-images.coingecko.com/coins/images/39651/large/RLUSD_200x200_%281%29.png?1727376633,1.0,2208038488,43,2218042897,459322920.0,1.001,0.999886,0.00012405,0.02728,99591783.0,4.72347,2207065369.357574,2217065369.35721,,1.073,-6.74823,2024-12-26T02:45:52.000Z,0.962292,3.9624,2024-12-17T20:40:40.000Z,,2026-08-28T07:41:20.000Z
ondo-us-dollar-yield,usdy,Ondo US Dollar Yield,https://coin-images.coingecko.com/coins/images/31700/large/usdy_%281%29.png?1696530524,1.14,2187135237,44,2187135237,634008.0,1.15,1.13,-9.0145447857903e-05,0.21569,353364.0,0.01616,1911236694.5821824,1911236694.582182,,1.26,-9.39589,2024-03-26T21:24:08.000Z,0.934184,22.49962,2024-01-14T03:40:50.000Z,,2026-08-28T07:41:20.000Z
pax-gold,paxg,PAX Gold,https://coin-images.coingecko.com/coins/images/9519/large/asset-paxg.png?1785284785,4602.58,1988779466,45,1988779466,115616563.0,4609.55,4564.44,10.04,0.23772,4346413.0,0.21903,432098.187122,432099.279051,,5619.09,-18.09027,2026-01-28T22:30:56.000Z,1399.64,228.84004,2019-11-17T19:09:35.000Z,,2026-08-28T07:41:20.000Z
aave,aave,Aave,https://coin-images.coingecko.com/coins/images/12645/large/aave-token-round.png?1720472354,125.73,1939548131,46,2011845733,299643329.0,131.54,125.42,-3.9363749301215876,-0.79923,-60479864.01173329,-3.02395,15425024.68406289,16000000.0,16000000.0,661.69,-80.9984,2021-05-18T13:19:59.000Z,26.02,383.15322,2020-11-05T01:20:11.000Z,,2026-08-28T07:41:20.000Z
world-liberty-financial,wlfi,World Liberty Financial,https://coin-images.coingecko.com/coins/images/50767/large/wlfi.png?1756438915,0.060642,1927207307,47,6064808944,59345954.0,0.061822,0.057651,0.0020477,4.9168,65275139.0,3.50577,31776884070.0,100000000000.0,100000000000.0,0.331336,-81.69784,2025-09-01T04:20:09.000Z,0.050799,19.37616,2026-08-09T02:00:00.000Z,,2026-08-28T07:41:20.000Z
aster-2,aster,Aster,https://coin-images.coingecko.com/coins/images/69040/large/_ASTER.png?1757326782,0.70031,1889077027,48,5460087765,87676356.0,0.719276,0.694126,-0.017274498749458855,-0.97555,-48409633.70426631,-2.49858,2700010975.2797318,7803968119.651995,8000000000.0,2.41,-70.92623,2025-09-24T03:18:14.000Z,0.099713,602.32257,2025-09-17T04:05:36.000Z,,2026-08-28T07:41:20.000Z
pump-fun,pump,Pump.fun,https://coin-images.coingecko.com/coins/images/67164/large/pump.jpg?1751949376,0.00467583,1856947557,49,3915636928,300186311.0,0.00502205,0.00463173,-0.000134959288994867,0.69968,-54305754.292903185,-2.84137,397005493092.86127,837142311273.1672,1000000000000.0,0.00881908,-46.98055,2025-09-14T08:42:40.000Z,0.00115473,304.92975,2026-06-25T17:04:20.000Z,,2026-08-28T07:41:20.000Z
ondo-finance,ondo,Ondo,https://coin-images.coingecko.com/coins/images/26580/large/ONDO.png?1696525656,0.368047,1791555302,50,3679264014,114594931.0,0.386264,0.367789,-0.010634617845319883,-1.07872,-52371370.57003999,-2.84021,4869330647.0,10000000000.0,10000000000.0,2.14,-82.80279,2024-12-15T16:36:00.000Z,0.082171,347.90398,2024-01-18T04:14:30.000Z,,2026-08-28T07:41:20.000Z
mantle,mnt,Mantle,https://coin-images.coingecko.com/coins/images/30980/large/MNT_Token_Logo.png?1765516974,0.520121,1717813306,51,3235212826,47454153.0,0.554007,0.501714,-0.0012417790200967,0.90723,-3880290.775916338,-0.22538,3302294382.53684,6219316794.889999,6219316794.89,2.86,-81.78246,2025-10-08T17:04:46.000Z,0.307978,68.88281,2023-10-17T18:50:46.000Z,,2026-08-28T07:41:20.000Z
morpho,morpho,Morpho,https://coin-images.coingecko.com/coins/images/29837/large/Morpho-token-icon.png?1726771230,2.49,1631864142,52,2482928575,42880646.0,2.73,2.48,-0.14822768099848327,-4.35082,-100828441.2130456,-5.81918,657233622.5422467,1000000000.0,1000000000.0,4.17,-40.33705,2025-01-17T04:46:19.000Z,0.713151,248.91717,2024-11-24T17:55:43.000Z,,2026-08-28T07:41:20.000Z
ethena,ena,Ethena,https://coin-images.coingecko.com/coins/images/36530/large/ethena.png?1711701436,0.165834,1630641523,53,2488737460,2335515425.0,0.189217,0.144994,0.01010759,10.40341,100142910.0,6.54316,9828125000.0,15000000000.0,15000000000.0,1.52,-89.07335,2024-04-11T05:15:15.000Z,0.070228,136.13497,2026-06-30T15:44:00.000Z,,2026-08-28T07:41:20.000Z
pepe,pepe,Pepe,https://coin-images.coingecko.com/coins/images/29850/large/pepe-token.jpeg?1696528776,3.79e-06,1591858659,54,1591858659,378733606.0,4.01e-06,3.8e-06,-1.36372740813e-07,-0.70622,-58099881.20299125,-3.52129,420690000000000.0,420690000000000.0,420690000000000.0,2.803e-05,-86.49339,2024-12-09T08:30:35.000Z,5.5142e-08,6765.2392,2023-04-17T18:14:41.000Z,,2026-08-28T07:41:20.000Z
sky,sky,Sky,https://coin-images.coingecko.com/coins/images/39925/large/sky.jpg?1724827980,0.067765,1587644530,55,1590176625,8109723.0,0.070173,0.06748,-0.001417039702907227,-1.25098,-33038788.97404909,-2.03857,23425304720.21504,23462665147.36596,23462665147.3,0.100535,-32.59563,2024-12-04T02:13:57.000Z,0.03582727,89.14401,2025-02-02T21:01:48.000Z,,2026-08-28T07:41:20.000Z
htx-dao,htx,HTX DAO,https://coin-images.coingecko.com/coins/images/35491/large/Frame_1321318576.png?1708908626,1.68e-06,1509690242,56,1509690242,42840085.0,1.75e-06,1.68e-06,-3.6653980816e-08,-1.91302,-33886369.2716651,-2.19532,898232728634017.2,898232728634017.2,999990000000000.0,3.75e-06,-55.16975,2024-12-03T16:16:20.000Z,8.00816e-07,110.01147,2024-08-05T05:31:33.000Z,,2026-08-28T07:41:20.000Z
usdd,usdd,USDD,https://coin-images.coingecko.com/coins/images/25380/large/UUSD.jpg?1696524513,0.999467,1501174096,57,1505888285,1512545.0,1.0,0.99919,0.00011943,0.04181,8432773.0,0.56492,1502003179.0,1507869388.0,,1.24,-19.54106,2026-07-09T09:35:10.000Z,0.928067,7.69345,2022-06-19T08:15:11.000Z,,2026-08-28T07:41:20.000Z
polkadot,dot,Polkadot,https://coin-images.coingecko.com/coins/images/12171/large/polkadot.jpg?1766533446,0.873364,1484547787,58,1484551947,99990529.0,0.894667,0.864745,-0.01576555721137518,-0.14769,-26919865.72454214,-1.78104,1700081298.273653,1700093123.456713,2100000000.0,54.98,-98.41146,2021-11-04T06:10:09.000Z,0.727004,20.13198,2026-08-18T02:57:10.000Z,,2026-08-28T07:41:20.000Z
worldcoin-wld,wld,Worldcoin,https://coin-images.coingecko.com/coins/images/31069/large/worldcoin.jpeg?1696529903,0.40062,1449053953,59,4006086236,174257529.0,0.426847,0.398711,-0.008781342024798078,-1.3527,-31198386.775280476,-2.10764,3617131204.33686,10000000000.0,10000000000.0,11.74,-96.58774,2024-03-09T16:10:42.000Z,0.229961,74.21183,2026-05-18T15:06:00.000Z,,2026-08-28T07:41:20.000Z
bitget-token,bgb,Bitget Token,https://coin-images.coingecko.com/coins/images/11610/large/Bitget_logo.png?1736925727,1.95,1362453456,60,1773002037,12339982.0,2.02,1.92,-0.003616091560660006,1.06005,-2601280.5462224483,-0.19056,699992029.6481038,910920874.6481038,2000000000.0,8.45,-76.96557,2024-12-27T03:41:24.000Z,0.0142795,13531.31621,2020-06-24T20:17:05.000Z,,2026-08-28T07:41:20.000Z
falcon-finance,usdf,Falcon USD,https://coin-images.coingecko.com/coins/images/54558/large/ff_200_X_200.png?1740741076,0.995974,1338076279,61,1338076279,810032.0,0.996709,0.996002,-0.000269287108225713,-0.02513,-490402.3959496021,-0.03664,1343627675.916015,1343627675.916015,,1.075,-7.31522,2025-05-08T13:25:42.000Z,0.943422,5.57035,2025-07-08T02:16:34.000Z,,2026-08-28T07:41:20.000Z
internet-computer,icp,Internet Computer,https://coin-images.coingecko.com/coins/images/14495/large/Internet_Computer_logo.png?1696514180,2.4,1336826509,62,1336826521,35428654.0,2.49,2.4,-0.048280882948765314,0.09953,-26877620.457657337,-1.97093,556132381.546493,556132381.546493,,700.65,-99.65691,2021-05-10T08:05:53.000Z,2.0,20.03276,2026-08-01T20:31:10.000Z,,2026-08-28T07:41:20.000Z
bfusd,bfusd,BFUSD,https://coin-images.coingecko.com/coins/images/68227/large/bfusd.png?1755132827,1.0,1320050985,63,1320050985,3243538.0,1.0,0.999555,0.00014309,0.00256,175044.0,0.01326,1320000000.0,1320000000.0,,1.007,-0.68281,2025-10-10T13:40:40.000Z,0.996931,0.31279,2026-07-29T19:14:40.000Z,,2026-08-28T07:41:20.000Z
united-stables,u,United Stables,https://coin-images.coingecko.com/coins/images/71157/large/united-stables-logo.jpg?1766061640,0.99961,1273592995,64,1273592995,199264519.0,0.999748,0.999138,0.00022621,0.03962,2178141.0,0.17132,1274099307.8,1275099207.8,,1.008,-0.81063,2026-02-05T13:06:07.000Z,0.968158,3.24858,2025-12-20T16:47:20.000Z,,2026-08-28T07:41:20.000Z
usdgo,usdgo,USDGO,https://coin-images.coingecko.com/coins/images/102172077/large/USDGO_%287%29.png?1771437018,0.99995,1249367937,65,1249367937,51248360.0,1.0,0.999865,-0.000286501573714792,-0.00532,-432667.1878297329,-0.03462,1249426423.47,1249426423.47,,1.002,-0.24536,2026-03-11T00:04:22.000Z,0.999259,0.06914,2026-05-13T20:34:00.000Z,,2026-08-28T07:41:20.000Z
ethereum-classic,etc,Ethereum Classic,https://coin-images.coingecko.com/coins/images/453/large/ethereum-classic-logo.png?1696501717,7.72,1220011918,66,1220011918,45366515.0,7.98,7.66,-0.23619282188028645,-1.78065,-37267203.76571584,-2.96412,157983982.8931384,157984360.4422423,210700000.0,167.09,-95.37807,2021-05-06T10:34:22.000Z,0.615038,1155.62578,2016-07-24T16:00:00.000Z,"{'times': 16.173373274307846, 'currency': 'usd', 'percentage': 1617.3373274307846}",2026-08-28T07:41:20.000Z
spiko-amundi-overnight-swap-fund-eur,eursafo,Spiko Amundi Overnight Swap Fund (EUR),https://coin-images.coingecko.com/coins/images/102172591/large/Fund_eurSAF0.png?1774104814,1.18,1175959652,67,1175959652,0.0,1.18,1.18,-0.000390554346038519,-0.05971,-23372567.620733976,-1.9488,998630649.0746,998630649.0746,,1.18,-0.52295,2026-08-21T11:35:00.000Z,1.15,2.03362,2026-07-30T07:40:10.000Z,,2026-08-28T07:41:20.000Z
polygon-ecosystem-token,pol,POL (ex-MATIC),https://coin-images.coingecko.com/coins/images/32440/large/pol.png?1759114181,0.107191,1146437965,68,1146437965,79082813.0,0.110834,0.105834,-0.002160577491291685,0.21585,-24025636.15164852,-2.05266,10704226840.01847,10704226840.01847,,1.29,-91.67486,2024-03-13T10:55:06.000Z,0.067711,58.30694,2026-07-01T01:13:30.000Z,,2026-08-28T07:41:20.000Z
bitway,btw,Bitway,https://coin-images.coingecko.com/coins/images/71205/large/BTW_Token_200x200.png?1786291907,0.399181,1079623932,69,3986584975,14163359.0,0.419029,0.393228,0.00235933,-0.52031,4975600.0,0.463,2708142280.000001,10000000000.0,10000000000.0,0.745279,-46.43878,2026-08-19T09:36:00.000Z,0.00911805,4277.91612,2026-03-03T06:55:24.000Z,,2026-08-28T07:41:20.000Z
pi-network,pi,Pi Network,https://coin-images.coingecko.com/coins/images/54342/large/pi_network.jpg?1739347576,0.092052,1022065038,70,1572374447,6496643.0,0.093646,0.090102,0.00142035,2.34639,16168604.0,1.60738,11103309083.043776,17082013973.9135,100000000000.0,2.99,-96.91888,2025-02-26T08:41:03.000Z,0.070586,30.41072,2026-07-14T02:37:30.000Z,,2026-08-28T07:41:20.000Z
kucoin-shares,kcs,KuCoin,https://coin-images.coingecko.com/coins/images/1047/large/sa9z79.png?1696502152,7.15,980479715,71,1016223201,17553540.0,7.46,7.14,-0.266396947136168,-3.08553,-36545219.77193153,-3.59335,137155021.2773955,142155021.2773955,,28.83,-75.20368,2021-12-01T07:09:35.000Z,0.342863,1985.01661,2019-02-06T16:00:00.000Z,,2026-08-28T07:41:20.000Z
blockchain-capital,bcap,Blockchain Capital,https://coin-images.coingecko.com/coins/images/56040/large/bcap_logo_200.png?1748088291,106.25,968161794,72,968161794,0.0,106.25,106.25,0.0,0.0,0.0,0.0,9112111.0,9112111.0,,106.25,0.0,2026-08-24T22:25:00.000Z,17.76,498.2545,2025-06-02T12:50:02.000Z,,2026-08-28T07:41:20.000Z
quant-network,qnt,Quant,https://coin-images.coingecko.com/coins/images/3370/large/5ZOu7brX_400x400.jpg?1696504070,62.38,907040432,73,911300978,13624925.0,63.77,61.93,-1.080293880973663,-0.45525,-15878509.751431942,-1.72047,14544176.164081175,14612493.0,14612493.0,427.42,-85.40648,2021-09-11T01:15:00.000Z,0.215773,28808.0948,2018-08-22T16:00:00.000Z,"{'times': 9.745118977694192, 'currency': 'eth', 'percentage': 974.5118977694192}",2026-08-28T07:41:20.000Z
eutbl,eutbl,Spiko EU T-Bills Money Market Fund,https://coin-images.coingecko.com/coins/images/39657/large/EUTBL.png?1723517425,1.23,900159253,74,900159253,0.0,1.23,1.23,-0.000451899873742612,-0.06323,-6845925.116585016,-0.75478,730849833.39716,730849833.39716,,1.26,-2.32799,2026-01-27T13:00:08.000Z,1.011,21.83361,2024-08-15T01:45:23.000Z,,2026-08-28T07:41:20.000Z
lighter,lit,Lighter,https://coin-images.coingecko.com/coins/images/71121/large/lighter.png?1765888098,3.5,874326248,75,3497304990,82869345.0,3.79,3.37,0.073046,4.21045,18349919.0,2.14374,250000000.0,1000000000.0,1000000000.0,7.86,-55.50839,2025-12-30T01:05:21.000Z,0.779399,348.67302,2026-03-31T09:55:00.000Z,,2026-08-28T07:41:20.000Z
janus-henderson-anemoy-treasury-fund,jtrsy,Janus Henderson Anemoy Treasury Fund,https://coin-images.coingecko.com/coins/images/70445/large/JTRSY.png?1762078582,1.11,873834988,76,873834988,0.0,1.11,1.11,0.000114,0.01023,89401.0,0.01023,784219130.721184,784219130.721184,,1.11,0.0,2026-08-27T09:54:50.000Z,1.085,2.71974,2025-11-12T20:05:05.000Z,,2026-08-28T07:41:20.000Z
gatechain-token,gt,Gate,https://coin-images.coingecko.com/coins/images/8183/large/200X200.png?1735246724,8.06,858583949,77,957251345,1506280.0,8.27,8.02,-0.054986849659837134,0.31658,-6075184.580946445,-0.70261,106608005.92108382,118859288.74517882,142622844.0,25.38,-68.26165,2025-01-25T16:00:00.000Z,0.25754,3027.95005,2020-03-12T18:18:02.000Z,,2026-08-28T07:41:20.000Z
nexo,nexo,NEXO,https://coin-images.coingecko.com/coins/images/3695/large/CG-nexo-token-200x200_2x.png?1730414360,0.85286,852634778,78,852634778,3982567.0,0.865271,0.841722,-0.009673317523793301,0.37331,-9898771.286071777,-1.14764,1000000000.0,1000000000.0,1000000000.0,4.07,-79.03475,2021-05-12T06:37:47.000Z,0.04515276,1788.83293,2018-09-12T16:00:00.000Z,"{'times': 7.533650794845701, 'currency': 'usd', 'percentage': 753.3650794845701}",2026-08-28T07:41:20.000Z
superstate-short-duration-us-government-securities-fund-ustb,ustb,Invesco Short Duration US Government Securities Fund,https://coin-images.coingecko.com/coins/images/35012/large/Invesco_icon_lg.png?1780816895,11.19,834341827,79,834341827,0.0,11.19,11.19,0.00109,0.00974,2729780.0,0.32825,74549506.690108,74567374.491427,,11.19,0.0,2026-08-27T14:40:10.000Z,10.29,8.75569,2025-02-26T01:55:09.000Z,,2026-08-28T07:41:20.000Z
venice-token,vvv,Venice Token,https://coin-images.coingecko.com/coins/images/54023/large/VVV_Token_Transparent.png?1741856877,17.31,823564931,80,1398620568,24606088.0,18.61,17.35,-0.8202421013241974,-4.19165,-38346755.420960665,-4.44904,47626507.73333593,80883086.65929712,,22.58,-23.35455,2025-01-27T16:06:36.000Z,0.91975,1782.06895,2025-12-01T10:55:48.000Z,,2026-08-28T07:41:20.000Z
algorand,algo,Algorand,https://coin-images.coingecko.com/coins/images/4380/large/download.png?1696504978,0.089052,804969025,81,804970572,28875804.0,0.092629,0.088873,-0.002836867470055113,-2.16086,-25400166.658635855,-3.0589,9036954887.60554,9036973722.207067,10000000000.0,3.56,-97.49936,2019-06-20T06:51:19.000Z,0.075732,17.58789,2026-07-29T20:10:10.000Z,"{'times': -0.9628884323664876, 'currency': 'usd', 'percentage': -96.28884323664876}",2026-08-28T07:41:20.000Z
just,jst,JUST,https://coin-images.coingecko.com/coins/images/11095/large/JUST.jpg?1696511035,0.097477,798374691,82,798374691,30304320.0,0.100468,0.096515,-0.002604377891861118,-2.71959,-21166726.093545675,-2.58275,8188743036.341737,8188743036.341737,9900000000.0,0.193254,-49.56016,2021-04-04T20:34:23.000Z,0.00476275,1946.65675,2020-05-08T22:08:54.000Z,,2026-08-28T07:41:20.000Z
kaspa,kas,Kaspa,https://coin-images.coingecko.com/coins/images/25751/large/kaspa-icon-exchanges.png?1696524837,0.02876266,795654128,83,795662948,10876107.0,0.02983355,0.02776445,0.00044235,3.52632,12213462.0,1.55895,27666175327.885952,27666566129.87137,28704026601.0,0.207411,-86.13253,2024-07-31T16:40:47.000Z,0.00017105,16715.38997,2022-05-26T06:42:59.000Z,,2026-08-28T07:41:20.000Z
cosmos,atom,Cosmos Hub,https://coin-images.coingecko.com/coins/images/1481/large/cosmos_hub.png?1696502525,1.5,792027370,84,792035980,42850380.0,1.58,1.49,-0.0241077859615626,0.57055,-12450164.294164062,-1.54761,527491070.280223,527505745.865892,,43.84,-96.57547,2021-09-19T16:00:00.000Z,1.16,29.43277,2020-03-12T18:27:44.000Z,"{'times': 14.00710842881534, 'currency': 'usd', 'percentage': 1400.710842881534}",2026-08-28T07:41:20.000Z
jupiter-exchange-solana,jup,Jupiter,https://coin-images.coingecko.com/coins/images/34188/large/jup.png?1704266489,0.233418,775736174,85,1603293486,81838947.0,0.24519,0.21641,0.01037493,7.93894,35164227.0,4.74825,3320312968.08,6862431236.456055,10000000000.0,2.0,-88.32919,2024-01-31T07:02:47.000Z,0.135801,71.88231,2026-02-12T10:35:44.000Z,,2026-08-28T07:41:20.000Z
render-token,render,Render,https://coin-images.coingecko.com/coins/images/11636/large/rndr.png?1696511529,1.49,773694426,86,795707683,50676921.0,1.58,1.49,-0.08575454644112313,-1.6966,-44442343.54809034,-5.43214,518772101.28269154,533532274.5626915,644245094.0,13.53,-88.98158,2024-03-17T08:30:24.000Z,0.03665669,3968.31438,2020-06-16T05:22:25.000Z,,2026-08-28T07:41:20.000Z
stable-2,stable,​​Stable,https://coin-images.coingecko.com/coins/images/69242/large/stable-logotype-framed-square-light.png?1762753913,0.02769642,714574088,87,2769466126,9185256.0,0.02803766,0.02700521,0.00013354,0.75567,4182923.0,0.58882,25801871399.0,100000000000.0,100000000000.0,0.04323745,-35.94344,2026-05-14T23:31:00.000Z,0.0092214,200.34953,2025-12-23T21:49:32.000Z,,2026-08-28T07:41:20.000Z
janus-henderson-anemoy-aaa-clo-fund,jaaa,Janus Henderson Anemoy AAA CLO Fund,https://coin-images.coingecko.com/coins/images/70446/large/jaaa.png?1762078666,1.047,705452982,88,705452982,0.0,1.047,1.047,0.0,0.0,2432277.0,0.34598,673796023.220914,673796023.220914,,1.047,0.0,2026-08-27T07:25:00.000Z,1.009,3.71436,2025-12-06T06:10:05.000Z,,2026-08-28T07:41:20.000Z
gho,gho,GHO,https://coin-images.coingecko.com/coins/images/30663/large/gho-token-logo.png?1720517092,0.999608,698719286,89,698719286,14967083.0,0.999696,0.998797,0.00070804,0.06353,487900.0,0.06988,699000000.0,699000000.0,,1.03,-2.93579,2024-02-28T09:15:58.000Z,0.917065,9.00077,2023-10-23T20:41:04.000Z,,2026-08-28T07:41:20.000Z
official-trump,trump,Official Trump,https://coin-images.coingecko.com/coins/images/53746/large/trump.png?1737171561,2.78,698099089,90,2782730837,1174316899.0,2.9,2.25,0.425161,23.55963,107056391.0,18.11314,250868348.28763402,1000000000.0,1000000000.0,73.43,-96.21253,2025-01-19T03:50:34.000Z,1.37,102.9696,2026-08-13T18:40:30.000Z,,2026-08-28T07:41:20.000Z
ylds,ylds,YLDS,https://coin-images.coingecko.com/coins/images/66486/large/YLDS.png?1772560579,1.0,684754864,91,684754864,17897048.0,1.0,0.999947,8.625e-05,0.0074,8292572.0,1.22587,684730827.06,684730827.06,,1.001,-0.13089,2026-05-28T18:14:00.000Z,0.998383,0.16637,2026-06-30T03:40:10.000Z,,2026-08-28T07:41:20.000Z
beldex,bdx,Beldex,https://coin-images.coingecko.com/coins/images/5111/large/Beldex.png?1696505631,0.080044,629967531,92,795572025,11194739.0,0.081157,0.07974,-0.000958909985147485,-1.25847,-7554700.028078675,-1.18501,7870345273.02055,9939285508.407478,,0.450785,-82.24337,2018-12-16T16:00:00.000Z,0.00027519,28987.34951,2019-11-01T03:05:12.000Z,"{'times': -0.6794726688122809, 'currency': 'usd', 'percentage': -67.94726688122809}",2026-08-28T07:41:20.000Z
arbitrum,arb,Arbitrum,https://coin-images.coingecko.com/coins/images/16547/large/arb.jpg?1721358242,0.090034,601403403,93,900563889,52093082.0,0.09417,0.089498,-0.002754010311932731,-1.14631,-18242162.050018787,-2.94397,6678075931.0,10000000000.0,10000000000.0,2.39,-96.23333,2024-01-12T04:29:59.000Z,0.07048,27.74424,2026-06-26T13:20:40.000Z,,2026-08-28T07:41:20.000Z
vechain,vet,VeChain,https://coin-images.coingecko.com/coins/images/1167/large/VET.png?1742383283,0.00695042,597889718,94,597889718,58453128.0,0.00760389,0.00670934,0.00012294,2.9997,10828492.0,1.84453,85985041177.0,85985041177.0,86712634466.0,0.280991,-97.52646,2021-04-18T17:08:21.000Z,0.00191713,262.54226,2020-03-12T18:29:59.000Z,"{'times': -0.0251933513249345, 'currency': 'eth', 'percentage': -2.51933513249345}",2026-08-28T07:41:20.000Z
pudgy-penguins,pengu,Pudgy Penguins,https://coin-images.coingecko.com/coins/images/52622/large/PUDGY_PENGUINS_PENGU_PFP.png?1733809110,0.00939039,590449991,95,720660465,285215685.0,0.00988331,0.00928321,-0.000197165071310873,0.71667,-12227652.920761228,-2.02889,62860396090.0,76722843487.95258,88888888888.0,0.068447,-86.28072,2024-12-17T05:05:22.000Z,0.00371517,152.75819,2025-04-08T17:31:57.000Z,,2026-08-28T07:41:20.000Z
filecoin,fil,Filecoin,https://coin-images.coingecko.com/coins/images/12817/large/filecoin.png?1696512609,0.70026,582265478,96,1370287106,81885239.0,0.728578,0.697501,-0.020301712235271774,-1.80782,-12660503.023801208,-2.12808,831623309.0,1957118758.0,,236.84,-99.70433,2021-04-01T05:29:41.000Z,0.612413,14.34439,2026-08-18T03:52:30.000Z,,2026-08-28T07:41:20.000Z
xdce-crowd-sale,xdc,XDC Network,https://coin-images.coingecko.com/coins/images/2912/large/xdc-icon.png?1696503661,0.02816174,561652933,97,1071842301,6464216.0,0.02819343,0.02747803,0.00049756,2.45314,9844045.0,1.78396,19946688440.0,38065686425.1,,0.192754,-85.38981,2021-08-20T20:39:48.000Z,0.00039532,7023.81697,2019-07-21T16:00:00.000Z,"{'times': 0.5000475878513829, 'currency': 'eth', 'percentage': 50.0047587851383}",2026-08-28T07:41:20.000Z
pancakeswap-token,cake,PancakeSwap,https://coin-images.coingecko.com/coins/images/12632/large/pancakeswap-cake-logo_%281%29.png?1696512440,1.74,559778209,98,580161592,43974592.0,1.78,1.73,0.00206222,0.8441,703271.0,0.12579,321186064.1065432,332881515.372952,400000000.0,43.96,-96.03603,2021-04-30T02:08:22.000Z,0.194441,796.28549,2020-11-03T06:29:34.000Z,,2026-08-28T07:41:20.000Z
flare-networks,flr,Flare,https://coin-images.coingecko.com/coins/images/28624/large/FLR-icon200x200.png?1696527609,0.00643066,559419161,99,684546692,3911047.0,0.00674347,0.0064463,-0.000147146362455006,-0.33346,-12590723.624081492,-2.20114,86978398357.68509,106433196768.9096,,0.150073,-95.71497,2023-01-09T19:14:05.000Z,0.00586043,9.7303,2026-08-19T10:09:30.000Z,,2026-08-28T07:41:20.000Z
spx6900,spx,SPX6900,https://coin-images.coingecko.com/coins/images/31401/large/centeredcoin_%281%29.png?1737048493,0.593898,552939623,100,552939623,16774832.0,0.627344,0.577932,-0.009096726925122645,-4.67996,-8441113.714635491,-1.50363,930987335.2481942,930987335.2481942,1000000000.0,2.27,-73.8447,2025-07-28T03:24:33.000Z,0.00131808,44957.73752,2024-02-04T11:12:19.000Z,,2026-08-28T07:41:20.000Z
